4440.51,4087.18,3993.85,4360.51,0
4453.85,4103.08,4003.08,4367.69,0
4465.13,4112.82,4017.95,4376.92,0
4451.79,4095.9,4007.18,4365.64,0
4439.49,4087.18,3989.74,4356.41,0
4446.67,4094.36,3991.28,4365.64,0
4450.77,4096.41,4002.56,4369.74,0
4446.67,4092.31,4003.08,4360.51,0
4449.23,4090.26,3991.79,4353.33,0
4451.28,4090.77,3987.69,4355.9,0
4445.13,4091.79,3990.77,4363.08,0
4442.05,4091.79,3992.31,4368.72,0
4449.23,4094.87,3996.41,4373.85,0
4452.31,4097.95,4003.59,4377.95,0
4444.1,4091.28,4000.51,4369.23,0
4441.54,4089.23,3990.77,4363.08,0
4448.21,4094.87,3989.74,4374.36,0
4448.72,4088.72,3989.74,4371.79,0
4441.54,4079.49,3985.13,4355.9,0
4449.23,4088.72,3990.77,4364.1,0
4463.59,4100.51,4001.54,4379.49,0
4456.41,4094.36,3995.9,4368.72,0
4445.13,4088.21,3985.13,4357.44,0
4455.38,4093.33,3989.74,4372.31,0
4460.51,4091.28,3992.82,4382.05,0
4442.56,4078.46,3980.51,4371.79,0
4438.97,4077.95,3978.97,4369.74,0
4457.95,4098.97,4001.03,4386.15,0
4464.62,4107.69,4011.28,4388.72,0
4456.41,4091.79,3992.31,4367.69,0
4455.9,4085.64,3985.13,4362.05,0
4463.08,4103.08,4004.62,4375.9,0
4465.13,4112.82,4014.36,4378.97,0
4458.97,4102.05,4001.54,4374.36,0
4454.36,4092.82,3990.26,4378.46,0
4457.95,4095.38,3994.87,4384.62,0
4454.36,4096.41,3998.46,4384.1,0
4447.18,4090.77,3992.31,4378.97,0
4453.85,4088.21,3987.69,4368.72,0
4461.03,4091.28,3989.74,4357.44,0
4457.44,4094.36,3994.36,4356.92,0
4455.9,4096.41,3996.92,4364.62,0
4459.49,4098.97,4000,4367.69,0
4460,4101.54,4003.08,4366.67,0
4461.54,4106.67,4006.15,4374.36,0
4461.03,4104.1,4002.05,4382.56,0
4457.44,4092.82,3994.87,4376.41,0
4458.97,4092.82,3994.87,4365.64,0
4462.05,4100,4000.51,4365.64,0
4458.46,4094.36,3999.49,4368.21,0
4454.87,4089.74,3994.87,4369.23,0
4456.92,4097.95,3998.97,4371.79,0
4458.46,4100,4001.03,4374.36,0
4458.46,4091.28,3996.92,4375.38,0
4458.97,4090.26,3999.49,4374.87,0
4458.97,4097.95,4002.56,4373.85,0
4458.46,4098.97,3998.46,4371.79,0
4458.46,4094.87,3995.38,4371.28,0
4458.46,4094.36,3995.38,4375.38,0
4457.44,4096.41,3991.28,4376.92,0
4458.97,4095.9,3989.74,4370.26,0
4460.51,4097.44,3997.44,4365.13,0
4460.51,4102.56,4004.1,4367.69,0
4460,4106.67,4006.67,4363.08,0
4460,4105.64,4005.64,4351.79,0
4461.03,4105.64,4005.64,4361.03,0
4463.08,4109.23,4008.72,4378.97,0
4459.49,4101.03,4002.05,4372.82,0
4455.38,4090.77,3990.77,4362.56,0
4457.44,4100,3995.9,4373.85,0
4463.08,4110.77,4008.21,4388.72,0
4460.51,4103.08,4006.67,4387.18,0
4451.28,4089.74,3999.49,4381.03,0
4451.28,4093.33,4005.64,4380.51,0
4458.46,4104.62,4013.85,4381.54,0
4459.49,4103.08,4011.79,4382.05,0
4455.38,4090.77,4004.1,4376.92,0
4456.92,4090.26,4001.03,4376.92,0
4458.97,4102.05,4003.08,4381.03,0
4458.46,4108.72,4007.69,4376.92,0
4459.49,4109.23,4014.36,4372.31,0
4458.97,4105.64,4014.36,4374.87,0
4454.87,4100.51,4012.31,4369.74,0
4456.92,4099.49,4013.85,4359.49,0
4461.03,4101.54,4010.26,4356.92,0
4453.33,4097.44,4001.03,4351.28,0
4448.72,4091.79,3998.97,4343.59,0
4457.44,4093.33,4002.56,4345.64,0
4460,4095.9,4000,4347.18,0
4453.85,4095.38,3996.41,4345.64,0
4455.38,4097.95,3996.92,4348.72,0
4461.03,4099.49,3999.49,4349.74,0
4457.95,4094.87,4002.05,4347.69,0
4456.92,4092.82,4003.59,4353.33,0
4457.95,4095.9,4003.08,4363.08,0
4457.95,4095.9,4004.1,4375.38,0
4454.87,4094.87,4003.59,4378.46,0
4448.21,4091.28,3991.79,4363.59,0
4443.08,4088.21,3985.13,4355.38,0
4444.62,4091.28,3998.97,4368.21,0
4446.67,4093.85,4007.18,4370.26,0
4442.56,4090.26,3993.85,4354.36,0
4442.05,4089.23,3988.21,4353.33,0
4445.13,4090.26,3996.92,4367.18,0
4445.64,4090.77,3993.33,4371.28,0
4444.62,4090.26,3985.64,4367.18,0
4443.59,4087.18,3988.21,4363.59,0
4442.56,4081.54,3987.69,4363.08,0
4440,4078.97,3985.64,4369.23,0
4441.54,4085.64,3996.92,4378.97,0
4451.79,4097.44,4007.18,4384.62,0
4462.05,4101.03,4008.72,4383.08,0
4458.46,4094.36,4006.15,4376.92,0
4449.74,4089.74,3998.46,4370.77,0
4451.28,4091.79,3992.82,4373.33,0
4454.87,4092.31,3999.49,4380,0
4450.77,4090.77,4002.56,4376.41,0
4446.15,4088.21,3991.79,4369.74,0
4446.67,4085.64,3990.26,4372.31,0
4452.82,4087.18,4002.05,4379.49,0
4458.46,4093.33,4010.26,4381.54,0
4458.97,4095.9,4006.67,4383.08,0
4459.49,4093.85,4000.51,4381.03,0
4458.97,4092.31,4001.54,4374.36,0
4448.21,4086.67,4000.51,4373.33,0
4442.05,4081.03,3988.72,4372.82,0
4448.21,4082.56,3985.13,4368.72,0
4448.72,4084.1,3993.33,4373.85,0
4442.56,4083.59,3998.97,4380,0
4448.21,4086.67,3996.41,4378.46,0
4462.56,4093.85,4000.51,4382.05,0
4460,4094.87,4005.64,4387.18,0
4444.1,4086.15,3996.41,4379.49,0
4446.15,4084.1,3994.87,4381.03,0
4457.44,4092.31,4008.21,4393.85,0
4448.72,4087.69,4002.56,4389.23,0
4437.44,4075.38,3984.62,4376.92,0
4445.13,4080,3984.62,4379.49,0
4452.31,4089.74,3992.31,4390.77,0
4445.64,4082.56,3989.74,4386.67,0
4438.97,4072.82,3987.18,4376.41,0
4442.56,4076.92,3990.26,4387.69,0
4447.18,4082.05,3991.79,4396.41,0
4445.13,4080.51,3991.79,4385.13,0
4443.08,4081.03,3992.31,4383.08,0
4444.1,4078.46,3991.79,4388.72,0
4444.1,4075.9,3989.23,4383.59,0
4446.67,4083.59,3988.72,4388.72,0
4449.74,4090.26,3989.74,4401.54,0
4457.44,4088.21,3990.26,4399.49,0
4458.46,4091.28,3991.28,4394.36,0
4447.18,4091.28,3988.72,4390.26,0
4445.64,4088.21,3990.77,4386.67,0
4460,4093.85,4007.18,4394.87,0
4463.59,4096.92,4016.41,4398.46,0
4456.41,4091.28,4007.69,4390.77,0
4457.95,4091.28,4002.05,4388.21,0
4461.54,4096.92,4009.23,4395.9,0
4457.95,4095.38,4007.69,4397.95,0
4454.87,4090.77,3995.38,4387.18,0
4457.44,4090.26,3992.31,4378.46,0
4460,4090.77,3995.38,4382.56,0
4458.97,4092.31,3998.46,4385.13,0
4460,4092.31,4003.59,4381.54,0
4458.46,4089.23,4004.1,4378.97,0
4457.95,4094.87,4002.56,4381.54,0
4461.03,4102.05,4004.62,4382.05,0
4461.54,4097.95,4005.64,4378.97,0
4459.49,4095.9,4004.1,4385.64,0
4460.51,4097.95,4006.15,4394.87,0
4463.08,4095.38,4006.15,4386.67,0
4461.03,4097.95,4002.56,4379.49,0
4459.49,4104.1,4006.15,4390.77,0
4461.03,4100.51,4012.31,4400,0
4460.51,4094.36,4010.26,4390.77,0
4457.44,4091.28,4004.1,4381.03,0
4457.44,4091.79,4003.08,4383.59,0
4461.03,4100,4007.69,4393.85,0
4461.54,4107.69,4010.26,4400,0
4460,4101.03,4007.18,4397.44,0
4460,4093.85,4004.62,4395.9,0
4458.46,4096.92,4004.62,4395.38,0
4458.46,4098.46,4005.64,4395.9,0
4458.97,4092.31,4004.62,4398.97,0
4451.79,4089.74,3998.46,4391.28,0
4449.23,4091.79,3991.79,4385.13,0
4457.95,4093.33,3995.38,4389.23,0
4462.05,4096.41,4001.03,4389.74,0
4458.46,4097.95,4002.05,4388.72,0
4452.82,4093.33,4002.05,4392.31,0
4445.64,4089.23,3998.46,4389.23,0
4447.18,4091.28,3997.95,4383.08,0
4457.95,4093.85,4003.59,4384.1,0
4458.97,4092.31,4001.03,4382.56,0
4454.36,4088.72,3990.77,4379.49,0
4456.41,4089.74,3989.74,4380.51,0
4459.49,4094.36,3993.33,4380,0
4460,4095.38,3995.38,4381.03,0
4456.41,4094.87,3997.44,4382.56,0
4454.87,4098.46,3995.9,4382.05,0
4458.46,4100.51,3997.95,4386.15,0
4456.41,4095.9,4004.1,4388.21,0
4445.64,4090.77,4004.1,4383.08,0
4438.97,4090.26,4000.51,4381.54,0
4443.08,4092.31,4007.18,4385.13,0
4446.15,4092.31,4006.15,4378.46,0
4443.08,4089.74,3993.33,4369.23,0
4446.15,4093.33,3996.41,4373.33,0
4455.9,4104.1,4006.67,4389.23,0
4460,4107.18,4003.59,4394.87,0
4457.95,4101.03,4000.51,4387.69,0
4456.92,4097.44,4003.08,4384.1,0
4455.9,4097.95,4004.1,4384.62,0
4459.49,4098.97,4006.15,4385.64,0
4456.92,4097.44,4005.64,4383.59,0
4443.59,4090.26,3997.44,4381.54,0
4445.13,4086.67,3998.46,4384.1,0
4461.03,4095.9,4006.67,4390.26,0
4464.1,4106.15,4008.21,4395.38,0
4461.03,4106.15,4010.77,4394.87,0
4463.59,4103.59,4014.36,4390.77,0
4462.56,4106.15,4007.18,4384.1,0
4461.03,4104.62,3999.49,4381.54,0
4462.56,4096.92,4002.05,4382.05,0
4461.03,4098.97,4006.15,4385.64,0
4461.03,4105.13,4006.67,4394.87,0
4463.08,4096.92,4001.03,4394.87,0
4461.03,4086.67,3993.33,4385.64,0
4457.44,4088.72,3988.72,4378.97,0
4457.44,4087.69,3988.21,4377.44,0
4460,4090.77,3996.92,4383.59,0
4461.03,4103.08,4007.69,4388.21,0
4460,4101.03,4006.67,4389.23,0
4460,4090.77,4000,4393.33,0
4459.49,4095.9,4002.56,4391.28,0
4461.03,4105.13,4007.18,4383.08,0
4461.54,4100,4005.13,4385.64,0
4461.03,4093.85,4004.62,4395.38,0
4458.97,4092.82,4003.08,4395.9,0
4458.46,4092.31,3998.46,4386.67,0
4458.46,4092.31,3997.44,4379.49,0
4460,4094.36,4002.56,4383.08,0
4460,4099.49,4006.67,4393.85,0
4461.03,4104.62,4006.67,4397.44,0
4460.51,4105.13,4005.64,4396.41,0
4458.46,4101.54,4005.64,4397.44,0
4468.72,4104.1,4012.31,4398.97,0
4476.92,4110.77,4021.54,4400.51,0
4464.1,4103.59,4009.74,4395.38,0
4453.33,4090.77,3991.79,4388.21,0
4458.97,4091.79,3995.9,4388.72,0
4460,4095.9,4004.62,4383.08,0
4455.9,4092.31,4000.51,4378.97,0
4458.97,4091.79,3998.46,4389.23,0
4458.46,4091.28,3996.92,4388.21,0
4456.41,4089.74,3993.85,4381.03,0
4459.49,4093.85,4004.62,4391.79,0
4460,4095.38,4007.69,4390.77,0
4457.44,4090.77,3992.82,4370.26,0
4457.95,4089.23,3990.26,4374.36,0
4459.49,4093.85,4000.51,4387.18,0
4461.03,4104.1,4008.21,4382.56,0
4462.05,4109.23,4011.28,4383.08,0
4460,4104.62,4008.72,4390.26,0
4467.18,4104.62,4011.79,4396.41,0
4475.38,4110.26,4023.08,4401.03,0
4465.13,4106.67,4015.9,4395.38,0
4456.92,4104.62,4005.64,4388.21,0
4463.59,4107.18,4011.28,4388.21,0
4462.56,4101.54,4011.28,4385.13,0
4455.38,4097.44,4004.62,4388.21,0
4460.51,4104.62,4010.26,4396.92,0
4466.15,4109.23,4016.41,4388.72,0
4462.56,4105.64,4011.79,4380.51,0
4457.95,4102.56,4009.74,4392.31,0
4457.95,4105.13,4015.38,4400.51,0
4458.97,4107.69,4022.05,4394.36,0
4458.97,4107.69,4023.08,4388.72,0
4463.59,4111.28,4020.51,4388.21,0
4463.59,4110.26,4016.41,4383.08,0
4457.95,4106.15,4013.33,4377.44,0
4468.21,4118.46,4021.54,4386.15,0
4473.85,4124.1,4024.62,4397.95,0
4462.56,4110.77,4017.44,4395.38,0
4463.08,4112.31,4019.49,4395.9,0
4474.36,4124.62,4023.59,4398.46,0
4472.82,4120,4016.92,4390.26,0
4468.21,4115.38,4017.95,4387.18,0
4464.1,4112.82,4022.56,4388.72,0
4456.92,4106.15,4016.92,4384.62,0
4466.67,4114.87,4022.05,4392.82,0
4480,4125.64,4026.15,4401.03,0
4471.79,4115.9,4011.79,4390.26,0
4462.05,4104.62,4004.62,4382.56,0
4465.64,4109.23,4010.26,4384.1,0
4472.31,4120.51,4013.85,4380,0
4475.38,4123.08,4020,4382.56,0
4469.74,4113.85,4022.05,4388.21,0
4459.49,4103.59,4012.82,4385.13,0
4464.62,4108.21,4013.85,4389.74,0
4474.36,4117.95,4024.1,4400.51,0
4466.15,4116.41,4023.08,4397.44,0
4454.87,4108.72,4017.95,4391.28,0
4465.13,4115.9,4021.54,4395.9,0
4473.85,4124.62,4026.15,4398.46,0
4463.59,4108.21,4014.87,4388.72,0
4453.33,4090.77,3999.49,4381.54,0
4462.56,4107.18,4010.26,4388.21,0
4474.36,4125.64,4028.72,4397.44,0
4473.33,4115.9,4022.05,4394.87,0
4471.28,4109.74,4016.41,4391.28,0
4467.69,4116.92,4023.59,4386.67,0
4459.49,4109.74,4021.03,4383.59,0
4458.46,4105.13,4016.41,4394.87,0
4464.62,4115.9,4023.08,4404.1,0
4461.03,4111.79,4022.05,4389.74,0
4453.33,4096.92,4008.21,4373.85,0
4464.1,4101.03,4006.67,4376.41,0
4480,4113.33,4021.54,4386.67,0
4472.82,4107.18,4024.62,4385.13,0
4454.87,4093.85,4007.18,4377.44,0
4454.36,4095.38,4002.56,4375.38,0
4465.64,4107.18,4018.97,4378.46,0
4466.67,4109.74,4024.1,4377.95,0
4464.62,4105.64,4011.28,4373.33,0
4468.72,4107.18,4010.77,4374.87,0
4473.85,4111.28,4022.56,4385.13,0
4475.38,4108.21,4019.49,4385.64,0
4470.26,4102.56,4006.15,4374.87,0
4462.56,4102.05,4004.62,4370.77,0
4463.59,4106.67,4013.33,4371.28,0
4475.9,4110.26,4020,4371.28,0
4483.59,4110.77,4021.54,4374.36,0
4471.28,4108.21,4017.44,4369.74,0
4464.1,4107.18,4017.44,4363.59,0
4474.36,4108.72,4020,4369.74,0
4473.85,4105.64,4015.38,4375.9,0
4458.97,4099.49,4010.77,4371.79,0
4458.97,4096.41,4012.31,4370.26,0
4465.13,4096.92,4013.33,4375.38,0
4457.44,4097.95,4012.82,4380,0
4458.46,4095.9,4012.31,4382.56,0
4464.62,4094.87,4010.77,4381.54,0
4461.54,4102.05,4012.31,4380.51,0
4461.03,4107.18,4012.31,4380,0
4458.46,4101.54,4007.18,4378.46,0
4460,4101.03,4008.21,4383.08,0
4474.36,4110.77,4020,4389.74,0
4475.38,4108.21,4020,4385.64,0
4460,4096.92,4006.67,4380.51,0
4455.38,4097.44,4007.18,4386.67,0
4460.51,4103.59,4013.85,4385.13,0
4462.05,4104.1,4007.69,4384.1,0
4461.03,4105.13,4004.62,4394.36,0
4458.46,4106.67,4012.82,4395.38,0
4465.64,4111.79,4015.9,4390.77,0
4476.92,4117.95,4016.92,4398.97,0
4471.79,4112.82,4023.08,4399.49,0
4458.97,4103.59,4017.95,4387.69,0
4459.49,4103.59,4007.18,4389.23,0
4465.13,4105.13,4006.15,4400,0
4463.08,4104.1,4009.23,4398.97,0
4457.95,4104.62,4004.1,4397.44,0
4462.05,4106.67,4003.08,4407.69,0
4473.85,4109.23,4016.41,4412.82,0
4477.95,4110.26,4022.56,4408.72,0
4469.74,4108.72,4017.95,4411.28,0
4461.54,4106.67,4013.33,4409.23,0
4458.46,4101.54,4007.18,4398.46,0
4458.46,4095.9,4004.1,4395.9,0
4457.44,4094.87,4000.51,4398.46,0
4457.95,4101.54,4002.56,4396.92,0
4460.51,4108.21,4011.28,4397.95,0
4460,4103.59,4010.26,4398.97,0
4456.41,4095.38,4002.56,4400.51,0
4457.95,4098.97,4007.18,4402.05,0
4461.54,4106.15,4011.79,4405.64,0
4458.97,4104.1,4004.62,4412.31,0
4456.41,4102.05,4004.1,4408.72,0
4459.49,4102.56,4008.21,4395.9,0
4460,4102.56,4005.64,4401.03,0
4457.95,4103.59,4005.13,4415.9,0
4457.44,4105.13,4005.64,4410.26,0
4456.92,4103.59,4005.13,4395.9,0
4458.46,4103.59,4007.69,4395.9,0
4460,4105.13,4007.69,4400.51,0
4457.95,4103.59,4005.64,4398.46,0
4455.38,4104.1,4007.18,4393.85,0
4456.92,4105.64,4008.72,4397.44,0
4457.95,4103.08,4004.1,4403.59,0
4458.97,4103.59,4003.59,4401.03,0
4460.51,4108.72,4018.97,4405.13,0
4456.92,4107.18,4022.56,4411.28,0
4456.41,4105.13,4011.28,4408.21,0
4461.03,4107.18,4009.74,4407.18,0
4455.38,4096.92,4012.31,4409.74,0
4445.13,4088.72,4005.13,4408.21,0
4454.87,4101.03,4002.05,4407.18,0
4466.67,4107.69,4007.69,4407.18,0
4450.77,4092.31,4003.08,4400.51,0
4440,4086.67,3998.97,4400,0
4456.92,4102.56,4009.23,4405.13,0
4464.62,4109.74,4015.38,4405.64,0
4454.36,4099.49,4008.72,4401.03,0
4454.87,4094.36,4003.08,4393.33,0
4465.64,4104.1,4012.31,4400.51,0
4458.46,4106.15,4015.38,4412.82,0
4442.05,4098.46,4005.64,4405.13,0
4447.18,4096.92,4003.08,4394.87,0
4456.92,4095.38,4000.51,4398.46,0
4449.23,4088.72,3991.79,4392.31,0
4439.49,4086.67,3993.33,4381.54,0
4444.62,4095.38,4007.18,4387.18,0
4450.26,4102.05,4008.72,4396.92,0
4454.36,4097.95,4001.03,4397.44,0
4458.46,4097.44,4005.64,4400,0
4453.33,4104.62,4012.82,4400,0
4450.77,4107.69,4013.85,4394.87,0
4457.44,4106.15,4014.87,4396.92,0
4460.51,4106.67,4010.26,4398.46,0
4458.46,4107.18,4009.74,4389.23,0
4460,4107.69,4016.92,4380.51,0
4462.05,4108.72,4016.92,4382.05,0
4461.54,4107.69,4013.85,4385.13,0
4463.08,4107.69,4015.9,4383.08,0
4460,4103.08,4010.77,4373.85,0
4457.95,4096.92,4001.03,4364.62,0
4463.59,4100.51,4003.08,4365.13,0
4465.13,4108.21,4008.72,4365.13,0
4465.64,4110.26,4012.31,4360,0
4474.87,4110.77,4016.41,4362.05,0
4477.44,4113.33,4016.92,4366.67,0
4466.15,4107.18,4012.31,4365.64,0
4457.95,4097.95,4005.13,4363.08,0
4460.51,4101.03,4006.67,4363.08,0
4465.64,4110.26,4013.85,4364.1,0
4464.62,4107.18,4014.36,4366.15,0
4458.46,4101.54,4012.31,4365.13,0
4456.41,4101.03,4011.28,4364.1,0
4460,4098.46,4006.15,4365.64,0
4460,4097.44,4003.59,4362.05,0
4459.49,4103.08,4009.23,4354.87,0
4461.03,4104.62,4012.31,4358.97,0
4461.03,4104.62,4016.41,4371.79,0
4460.51,4107.69,4020,4374.36,0
4461.03,4106.67,4014.87,4366.15,0
4461.03,4104.62,4013.85,4364.62,0
4459.49,4105.13,4014.87,4367.69,0
4460,4104.62,4013.85,4364.62,0
4462.05,4105.13,4015.9,4365.64,0
4460.51,4107.18,4016.92,4371.79,0
4464.62,4108.21,4014.87,4367.69,0
4472.31,4108.72,4017.95,4363.59,0
4469.23,4110.26,4017.95,4373.33,0
4460,4106.15,4011.28,4376.41,0
4452.31,4092.82,4005.64,4363.59,0
4446.67,4087.18,4002.05,4364.1,0
4457.95,4102.05,4010.26,4381.54,0
4474.36,4115.38,4023.59,4388.72,0
4467.18,4105.64,4014.87,4380,0
4457.44,4095.9,4002.56,4374.36,0
4461.03,4102.05,4005.13,4371.79,0
4460,4103.08,4007.18,4367.18,0
4454.87,4091.28,4002.05,4364.62,0
4455.38,4088.72,4001.03,4363.08,0
4460,4101.03,4011.79,4366.15,0
4462.05,4107.18,4017.95,4371.28,0
4462.56,4106.15,4015.9,4374.87,0
4459.49,4104.62,4016.41,4376.41,0
4461.03,4106.15,4020.51,4378.97,0
4471.79,4114.87,4020,4383.59,0
4476.92,4119.49,4019.49,4383.08,0
4467.18,4111.28,4022.05,4378.46,0
4457.95,4103.08,4018.46,4374.87,0
4462.05,4106.15,4016.92,4378.97,0
4467.18,4110.77,4025.64,4389.23,0
4464.1,4110.77,4031.28,4391.79,0
4460.51,4106.67,4024.62,4384.62,0
4461.54,4106.67,4022.05,4382.56,0
4465.13,4111.79,4028.72,4385.13,0
4463.08,4105.64,4023.08,4378.46,0
4456.41,4097.44,4010.26,4370.77,0
4458.46,4102.56,4010.77,4373.85,0
4460,4101.54,4007.18,4372.82,0
4449.23,4089.74,3992.82,4370.26,0
4440,4087.18,3991.79,4373.85,0
4448.21,4091.28,3999.49,4372.82,0
4457.44,4097.44,4007.69,4370.77,0
4456.92,4103.08,4012.82,4372.31,0
4456.92,4099.49,4008.72,4374.87,0
4459.49,4098.46,4005.64,4379.49,0
4459.49,4105.13,4011.28,4378.46,0
4457.95,4104.62,4010.26,4369.23,0
4458.46,4099.49,4003.08,4365.13,0
4459.49,4098.46,4004.62,4367.69,0
4456.92,4096.92,4001.03,4360,0
4457.44,4098.97,3995.38,4355.9,0
4463.59,4108.21,4004.62,4366.15,0
4458.97,4104.1,4006.67,4366.15,0
4444.62,4092.31,3996.41,4355.9,0
4444.62,4090.77,3997.44,4354.87,0
4456.92,4094.36,4006.15,4360.51,0
4456.92,4095.38,4004.62,4355.38,0
4451.79,4098.46,4002.05,4347.18,0
4457.95,4103.08,4008.72,4352.82,0
4464.62,4107.18,4013.85,4365.64,0
4463.08,4111.79,4013.33,4371.28,0
4459.49,4112.82,4010.26,4363.59,0
4464.62,4112.82,4013.33,4348.72,0
4475.9,4120.51,4023.59,4352.31,0
4474.36,4120.51,4025.13,4366.15,0
4461.03,4109.23,4016.41,4360,0
4457.44,4106.15,4013.85,4347.69,0
4463.08,4111.28,4020,4349.74,0
4463.08,4110.77,4021.03,4343.59,0
4457.44,4105.13,4012.31,4329.23,0
4461.54,4107.69,4011.28,4330.26,0
4473.33,4113.33,4020,4332.31,0
4477.95,4116.92,4024.62,4326.15,0
4472.31,4113.85,4021.03,4325.13,0
4469.74,4106.67,4020,4325.64,0
4474.36,4111.79,4026.15,4325.64,0
4475.9,4121.54,4030.26,4327.18,0
4475.38,4121.03,4028.72,4328.21,0
4477.44,4118.46,4028.72,4326.67,0
4478.97,4123.08,4029.23,4327.69,0
4477.44,4119.49,4021.03,4327.69,0
4475.9,4113.33,4017.44,4324.1,0
4477.95,4121.03,4030.26,4326.67,0
4477.95,4124.62,4034.36,4328.72,0
4475.9,4118.97,4030.26,4322.56,0
4476.41,4121.03,4036.41,4324.62,0
4480,4127.18,4043.59,4336.41,0
4476.41,4123.08,4035.38,4334.36,0
4470.26,4116.92,4021.03,4324.1,0
4472.31,4120,4021.54,4325.13,0
4475.9,4121.54,4029.23,4329.74,0
4474.87,4116.92,4025.64,4330.77,0
4472.82,4112.82,4021.03,4324.62,0
4471.79,4113.33,4027.18,4313.85,0
4471.28,4116.92,4033.33,4313.33,0
4476.92,4120.51,4030.77,4316.41,0
4478.46,4121.54,4029.23,4313.85,0
4472.82,4119.49,4029.74,4308.72,0
4472.82,4119.49,4028.72,4305.64,0
4477.44,4121.54,4028.72,4304.1,0
4476.41,4121.54,4027.18,4305.13,0
4476.92,4121.54,4027.69,4305.13,0
4482.56,4125.13,4032.82,4301.03,0
4484.62,4130.26,4037.95,4303.59,0
4478.46,4126.67,4036.92,4308.21,0
4473.85,4121.54,4031.79,4306.67,0
4477.44,4125.13,4031.28,4303.59,0
4478.97,4127.18,4035.38,4302.56,0
4474.87,4125.13,4037.44,4305.64,0
4475.9,4125.64,4037.44,4308.72,0
4477.95,4129.23,4035.9,4306.15,0
4479.49,4132.31,4036.41,4298.46,0
4488.21,4137.44,4041.54,4295.9,0
4492.31,4136.92,4046.15,4298.46,0
4479.49,4126.15,4041.03,4297.44,0
4472.31,4121.03,4036.41,4296.41,0
4475.9,4123.59,4034.36,4296.92,0
4473.33,4122.05,4034.87,4294.87,0
4472.82,4124.62,4041.03,4293.33,0
4478.97,4135.9,4047.18,4296.92,0
4477.44,4133.85,4042.05,4295.9,0
4472.31,4122.05,4033.85,4294.36,0
4480,4127.18,4038.97,4304.1,0
4488.21,4137.44,4043.08,4308.21,0
4487.69,4137.44,4041.03,4298.46,0
4481.54,4131.79,4042.05,4297.44,0
4476.92,4129.74,4041.54,4308.72,0
4486.67,4133.33,4041.03,4313.33,0
4491.28,4137.44,4047.18,4311.28,0
4480,4136.92,4052.31,4309.74,0
4472.82,4131.79,4045.64,4308.21,0
4475.38,4123.59,4037.44,4309.74,0
4476.41,4120,4034.36,4310.77,0
4471.28,4118.97,4034.87,4309.74,0
4462.56,4113.85,4034.36,4307.18,0
4463.08,4115.38,4036.92,4309.74,0
4475.38,4123.59,4041.03,4313.85,0
4475.9,4122.56,4040.51,4311.28,0
4472.82,4127.18,4045.64,4309.74,0
4480,4138.97,4055.9,4311.28,0
4480.51,4133.85,4053.33,4311.79,0
4475.38,4123.08,4043.59,4310.26,0
4476.92,4124.62,4038.46,4308.72,0
4476.92,4126.15,4038.97,4307.69,0
4475.9,4125.64,4043.59,4311.79,0
4471.79,4120,4033.85,4309.74,0
4466.15,4108.72,4014.87,4298.97,0
4469.74,4111.79,4020.51,4301.03,0
4476.41,4122.56,4037.95,4312.82,0
4471.28,4120,4033.85,4313.33,0
4462.05,4110.26,4018.97,4309.23,0
4463.59,4111.79,4020.51,4309.74,0
4469.74,4116.41,4028.72,4311.79,0
4471.28,4120.51,4035.38,4321.03,0
4472.31,4122.56,4037.44,4328.72,0
4471.79,4116.92,4028.72,4324.62,0
4464.1,4110.26,4020.51,4323.08,0
4456.92,4110.77,4026.67,4326.15,0
4459.49,4114.36,4033.33,4325.13,0
4461.03,4109.74,4024.62,4323.08,0
4458.46,4103.08,4014.87,4323.08,0
4461.03,4107.18,4020.51,4328.72,0
4463.08,4112.31,4027.69,4335.38,0
4460,4107.18,4021.03,4336.92,0
4457.44,4103.08,4015.9,4333.33,0
4459.49,4109.74,4024.1,4329.74,0
4461.03,4106.67,4018.97,4327.69,0
4458.97,4096.92,4002.56,4327.18,0
4457.95,4101.03,4010.26,4330.77,0
4462.56,4111.28,4030.26,4338.46,0
4462.05,4108.21,4023.08,4345.13,0
4456.92,4103.59,4009.74,4340.51,0
4461.03,4109.74,4018.46,4336.92,0
4458.97,4106.67,4023.59,4340.51,0
4444.1,4089.74,4007.69,4333.85,0
4447.18,4089.23,3999.49,4331.79,0
4462.05,4105.64,4011.79,4349.74,0
4460.51,4110.26,4023.08,4362.56,0
4454.36,4102.56,4016.92,4354.87,0
4455.9,4097.95,4005.64,4349.23,0
4455.38,4097.95,4003.59,4352.31,0
4456.41,4103.59,4010.77,4355.9,0
4461.54,4108.21,4021.54,4360.51,0
4459.49,4103.59,4021.54,4356.92,0
4460,4104.62,4014.87,4351.28,0
4460,4106.67,4012.82,4352.31,0
4447.69,4095.38,4008.72,4351.79,0
4446.15,4090.77,4006.15,4351.28,0
4460,4101.54,4010.26,4356.41,0
4458.46,4102.05,4008.21,4358.46,0
4447.69,4091.79,4006.67,4360,0
4452.82,4093.85,4014.87,4365.64,0
4458.46,4102.05,4017.44,4367.18,0
4454.36,4105.13,4017.44,4364.62,0
4456.41,4107.18,4021.54,4366.15,0
4461.03,4105.13,4015.9,4366.15,0
4460.51,4102.05,4006.15,4363.08,0
4457.95,4101.03,4005.64,4366.15,0
4457.44,4099.49,4008.21,4369.74,0
4458.46,4100.51,4011.28,4365.13,0
4456.92,4105.13,4014.36,4369.74,0
4459.49,4106.67,4013.33,4378.97,0
4466.67,4107.69,4015.9,4368.72,0
4464.1,4109.23,4020.51,4363.08,0
4457.44,4110.77,4018.46,4385.64,0
4464.62,4115.38,4020.51,4402.56,0
4475.9,4121.54,4029.23,4395.38,0
4473.33,4121.03,4030.77,4389.74,0
4462.56,4116.92,4022.56,4392.82,0
4459.49,4116.41,4025.13,4393.33,0
4470.26,4121.54,4040,4391.79,0
4473.85,4123.59,4041.54,4388.21,0
4461.03,4118.97,4025.64,4382.56,0
4461.54,4118.97,4026.15,4380,0
4477.44,4127.18,4044.1,4386.15,0
4477.95,4124.62,4042.56,4390.77,0
4468.72,4115.9,4024.62,4387.69,0
4471.79,4116.41,4016.92,4388.21,0
4471.28,4120.51,4021.54,4391.28,0
4466.15,4122.56,4030.77,4390.26,0
4470.77,4125.13,4037.95,4382.05,0
4474.36,4123.08,4036.41,4371.79,0
4472.31,4125.13,4040.51,4373.85,0
4473.33,4138.97,4055.9,4382.56,0
4474.87,4137.95,4054.87,4385.13,0
4473.85,4127.69,4043.59,4384.62,0
4476.41,4133.33,4045.64,4386.15,0
4480,4135.9,4048.72,4384.1,0
4477.44,4126.15,4038.97,4373.85,0
4468.72,4118.46,4024.62,4365.13,0
4460.51,4110.26,4010.77,4356.92,0
4455.9,4102.56,4003.59,4345.13,0
4456.92,4106.15,4012.82,4346.15,0
4462.05,4111.79,4023.59,4359.49,0
4464.1,4107.18,4020,4361.54,0
4460,4104.1,4011.79,4354.36,0
4458.97,4104.1,4011.28,4354.87,0
4461.03,4105.64,4018.97,4360,0
4460.51,4109.23,4024.62,4363.59,0
4463.59,4112.82,4023.59,4367.69,0
4465.13,4115.9,4025.13,4367.18,0
4463.59,4118.97,4029.23,4365.64,0
4466.15,4121.54,4030.26,4364.62,0
4466.15,4115.38,4026.67,4361.03,0
4461.03,4108.21,4026.15,4356.41,0
4465.64,4112.82,4029.74,4356.92,0
4475.9,4119.49,4029.74,4368.72,0
4471.28,4114.36,4029.74,4375.38,0
4459.49,4107.69,4035.9,4368.21,0
4460.51,4110.26,4039.49,4363.08,0
4462.56,4105.64,4025.13,4363.59,4
4453.33,4093.33,4008.72,4359.49,0
4453.33,4092.31,4015.9,4355.9,0
4458.46,4096.92,4021.54,4355.9,0
4445.13,4091.79,4008.72,4355.38,0
4444.1,4092.31,4009.23,4352.82,0
4458.97,4100.51,4025.64,4342.56,0
4452.31,4092.82,4020.51,4335.9,0
4445.64,4088.72,4009.74,4350.77,0
4462.05,4103.59,4020,4366.67,0
4465.64,4107.18,4025.13,4368.72,0
4455.38,4098.46,4019.49,4371.79,0
4457.44,4096.92,4018.46,4380.51,0
4462.56,4094.87,4012.31,4383.59,0
4454.36,4088.21,4001.54,4382.05,0
4447.69,4088.21,4006.67,4380.51,0
4450.26,4092.31,4016.92,4380.51,0
4450.77,4088.72,4011.28,4380,0
4450.26,4091.28,4011.79,4378.97,0
4458.97,4103.08,4026.67,4387.69,0
4463.08,4103.08,4028.21,4393.33,0
4457.44,4091.28,4014.87,4387.69,0
4458.46,4093.33,4013.33,4387.18,0
4459.49,4097.44,4018.46,4388.21,0
4455.38,4090.77,4013.33,4384.62,0
4458.46,4092.31,4012.31,4381.03,0
4460.51,4093.85,4014.87,4380.51,0
4455.9,4091.79,4012.82,4381.54,0
4459.49,4098.97,4012.31,4385.64,0
4462.05,4099.49,4007.69,4387.18,0
4447.69,4088.21,3997.44,4378.46,0
4440.51,4087.18,3997.44,4367.18,0
4454.36,4094.87,4011.79,4374.36,0
4462.56,4100,4020.51,4402.05,0
4459.49,4105.64,4019.49,4423.59,0
4460,4108.21,4022.56,4430.26,0
4461.54,4106.15,4029.74,4442.56,0
4461.03,4105.64,4033.33,4456.41,0
4461.54,4108.21,4035.9,4460,0
4462.56,4110.77,4038.46,4459.49,0
4467.69,4109.23,4031.28,4458.97,0
4470.77,4106.67,4022.56,4457.44,0
4464.62,4107.69,4023.59,4453.33,0
4456.41,4107.69,4026.67,4447.18,0
4458.46,4104.62,4029.23,4445.13,0
4467.69,4108.21,4032.82,4446.15,0
4474.87,4117.95,4037.44,4447.69,0
4475.38,4124.1,4046.15,4450.26,0
4470.77,4121.03,4053.33,4449.23,0
4474.36,4126.15,4053.85,4445.13,0
4480,4137.95,4053.85,4441.03,0
4476.92,4134.87,4049.23,4437.95,0
4474.36,4123.08,4043.08,4440.51,0
4477.95,4120.51,4042.05,4447.69,0
4472.31,4116.92,4035.9,4444.1,0
4457.95,4100,4021.54,4431.79,0
4454.36,4090.77,4017.44,4427.18,0
4456.92,4098.46,4023.08,4429.74,0
4458.97,4105.13,4031.28,4434.87,0
4466.15,4108.21,4040,4436.41,0
4466.67,4110.26,4040,4431.79,0
4459.49,4113.33,4035.38,4428.21,0
4460,4113.33,4033.85,4424.1,0
4463.08,4109.74,4030.26,4422.05,0
4463.59,4107.18,4026.67,4432.82,0
4461.03,4107.69,4030.26,4445.64,0
4465.13,4111.28,4036.41,4452.31,0
4472.82,4114.36,4042.56,4460,0
4469.23,4112.31,4046.15,4461.54,1
4464.62,4112.31,4044.1,4459.49,0
4475.38,4119.49,4046.67,4466.15,0
4477.95,4121.54,4046.15,4466.15,0
4469.23,4120,4037.44,4456.92,0
4474.36,4120.51,4033.33,4457.95,0
4475.9,4113.85,4032.82,4462.56,0
4461.03,4097.44,4027.69,4461.03,0
4453.85,4092.82,4025.64,4458.46,0
4456.92,4098.46,4027.69,4452.82,0
4460,4108.72,4036.92,4446.15,0
4461.54,4117.95,4047.18,4445.13,0
4468.21,4121.03,4040.51,4444.1,0
4475.9,4127.69,4037.44,4440.51,0
4478.46,4134.87,4052.31,4446.67,0
4478.46,4128.72,4054.87,4456.92,0
4472.31,4113.85,4038.46,4451.28,0
4460.51,4104.62,4029.23,4436.41,0
4459.49,4104.62,4033.33,4431.28,0
4462.56,4105.13,4031.28,4431.79,0
4457.44,4100.51,4026.67,4425.64,0
4463.08,4106.67,4034.36,4428.72,0
4475.9,4122.05,4045.13,4441.03,0
4474.87,4120.51,4040.51,4440,0
4470.77,4111.79,4034.87,4432.31,0
4475.38,4120.51,4043.59,4431.28,0
4476.41,4126.67,4048.21,4428.21,0
4473.33,4115.9,4040.51,4426.67,0
4467.18,4108.72,4034.87,4431.28,0
4462.05,4108.21,4034.36,4428.21,0
4469.74,4110.77,4037.44,4425.13,0
4473.85,4112.82,4034.87,4429.74,0
4461.54,4109.23,4024.62,4423.59,0
4457.44,4107.69,4020.51,4411.28,0
4470.77,4111.79,4029.74,4414.36,0
4476.92,4113.33,4038.46,4426.67,0
4471.28,4109.23,4039.49,4432.31,0
4468.21,4105.13,4034.36,4422.05,0
4471.79,4106.15,4028.72,4413.85,0
4479.49,4112.82,4028.21,4424.1,0
4472.82,4109.74,4027.69,4425.13,0
4461.54,4105.13,4026.67,4409.74,0
4475.9,4117.95,4040.51,4410.26,0
4492.82,4132.82,4056.41,4423.59,0
4483.59,4126.15,4051.28,4423.08,0
4472.82,4110.77,4035.9,4415.38,0
4473.33,4106.15,4030.77,4412.82,0
4467.69,4104.62,4029.74,4411.79,0
4460,4097.44,4024.1,4413.85,0
4458.97,4091.79,4019.49,4412.82,0
4461.54,4094.87,4019.49,4411.28,0
4460.51,4095.38,4015.38,4414.87,0
4460.51,4096.41,4012.82,4430.26,0
4473.85,4108.72,4021.03,4435.9,0
4481.54,4114.36,4027.69,4409.23,0
4467.18,4103.08,4021.03,4387.69,0
4456.92,4092.31,4011.28,4394.36,0
4455.9,4089.23,4003.59,4398.46,0
4447.69,4084.1,3997.44,4388.72,0
4440.51,4075.9,3990.26,4381.54,0
4443.59,4073.85,3979.49,4376.41,0
4445.64,4074.36,3976.92,4368.21,0
4443.08,4068.21,3981.03,4354.36,0
4443.08,4064.1,3978.97,4337.95,0
4441.54,4065.64,3974.87,4330.77,4
4432.82,4064.1,3976.41,4321.54,0
4425.13,4057.44,3973.85,4308.21,0
4424.62,4052.82,3962.56,4307.18,0
4427.18,4050.26,3955.9,4309.23,0
4427.69,4051.79,3954.36,4308.21,0
4427.18,4056.41,3956.92,4304.62,0
4425.64,4052.31,3959.49,4296.92,0
4425.13,4044.1,3955.9,4292.82,0
4425.64,4044.1,3958.46,4295.38,0
4422.56,4046.67,3966.67,4294.87,0
4422.56,4051.79,3972.31,4295.9,0
4429.23,4060,3975.38,4305.13,0
4431.28,4060.51,3974.36,4312.82,0
4427.18,4053.85,3961.54,4307.69,0
4431.79,4056.92,3956.92,4293.85,0
4435.9,4064.1,3961.54,4288.72,0
4431.79,4059.49,3959.49,4292.31,0
4437.95,4062.05,3964.62,4295.38,0
4447.18,4071.28,3976.41,4297.44,0
4444.1,4066.15,3976.41,4296.41,0
4441.54,4058.46,3971.79,4293.85,0
4441.54,4061.03,3969.23,4296.41,0
4432.82,4060.51,3961.54,4294.36,0
4426.15,4052.31,3956.41,4284.62,0
4430.26,4049.74,3956.92,4280,0
4427.69,4048.21,3952.31,4279.49,0
4423.08,4050.77,3954.87,4284.1,0
4434.87,4059.49,3971.28,4291.28,0
4442.05,4061.54,3980.51,4289.23,0
4434.36,4062.56,3975.9,4292.31,0
4436.92,4067.69,3981.03,4304.1,0
4447.18,4071.79,3990.26,4298.46,0
4438.97,4066.15,3981.54,4287.69,0
4424.62,4055.38,3966.15,4301.03,0
4429.74,4048.21,3958.97,4320.51,0
4442.56,4056.41,3962.05,4326.15,0
4445.64,4072.31,3976.92,4324.62,0
4442.05,4077.44,3992.82,4322.05,0
4452.31,4081.03,4000.51,4322.05,0
4460.51,4083.59,4002.56,4327.18,0
4449.23,4076.41,3995.38,4329.23,0
4440,4065.13,3978.97,4320,0
4439.49,4057.44,3972.31,4309.23,0
4441.54,4064.1,3975.38,4315.9,0
4443.59,4072.82,3976.92,4329.23,0
4444.1,4068.21,3971.79,4330.77,0
4442.56,4064.62,3968.21,4324.1,0
4443.59,4073.33,3977.95,4325.64,0
4450.26,4083.08,3989.23,4332.82,0
4455.9,4088.72,3990.26,4330.26,0
4456.41,4090.26,3994.87,4326.15,0
4452.31,4082.05,4000.51,4324.62,0
4446.15,4077.95,3994.36,4317.95,0
4447.18,4083.08,3989.74,4316.92,0
4450.77,4083.08,3994.36,4328.21,0
4445.64,4074.87,3986.15,4330.26,0
4445.64,4072.31,3978.97,4321.03,0
4456.92,4080,3985.13,4318.97,0
4453.33,4077.44,3979.49,4321.54,0
4441.03,4069.23,3967.18,4326.15,0
4440,4072.82,3974.36,4332.31,0
4445.64,4078.97,3985.64,4334.36,0
4450.77,4080,3989.74,4335.38,0
4451.79,4082.56,3995.38,4337.44,0
4452.31,4083.59,3997.95,4337.95,0
4453.85,4078.97,3990.26,4335.9,0
4447.18,4073.33,3979.49,4332.31,0
4442.05,4074.36,3976.92,4335.9,2
4447.69,4080.51,3986.67,4343.08,0
4445.13,4078.46,3990.26,4337.95,0
4442.56,4074.36,3984.62,4327.69,0
4456.41,4086.67,3992.82,4332.82,0
4463.59,4100.51,4012.31,4344.1,0
4459.49,4095.9,4010.77,4343.59,0
4457.95,4087.69,3998.97,4334.87,0
4461.54,4093.33,4003.59,4333.85,0
4457.44,4091.28,3998.46,4334.36,0
4443.59,4076.41,3973.85,4326.15,0
4443.08,4073.33,3965.13,4325.13,0
4455.9,4082.56,3976.41,4339.49,0
4460.51,4086.15,3983.08,4345.64,0
4457.44,4087.18,3991.28,4337.95,0
4460.51,4091.28,4005.64,4340,0
4461.54,4094.36,4006.15,4347.18,0
4458.46,4089.23,3995.9,4336.92,0
4455.38,4074.87,3985.64,4322.05,0
4456.92,4074.36,3983.59,4332.31,0
4468.72,4097.44,3997.95,4351.28,0
4481.03,4113.33,4014.36,4352.31,0
4478.46,4107.18,4013.33,4349.74,0
4472.82,4099.49,4002.56,4352.82,0
4473.33,4098.46,4002.05,4348.21,0
4467.69,4095.9,4009.74,4341.54,0
4460,4089.74,4006.15,4343.08,0
4464.1,4087.18,3994.36,4348.72,0
4472.31,4093.33,3995.9,4355.38,0
4476.41,4096.92,4005.13,4359.49,0
4472.82,4092.31,3998.46,4358.46,0
4465.64,4090.77,3990.77,4358.46,0
4461.54,4092.31,3994.36,4358.97,0
4456.92,4087.69,3989.23,4349.23,0
4460,4090.26,3988.21,4350.77,0
4475.38,4105.64,4006.67,4368.72,0
4483.59,4114.87,4017.95,4368.21,0
4476.92,4110.77,4011.28,4354.36,0
4477.44,4108.21,4012.31,4355.38,0
4481.03,4109.74,4016.92,4361.03,0
4470.26,4102.56,4006.67,4352.82,0
4466.15,4101.03,4004.1,4346.67,0
4476.41,4108.72,4012.31,4355.38,0
4480.51,4106.15,4008.72,4366.67,0
4474.36,4100,4000,4367.69,0
4473.85,4105.13,4003.08,4364.1,0
4477.95,4104.1,4004.62,4367.18,0
4473.33,4092.31,3994.36,4367.18,0
4461.54,4088.72,3988.21,4356.92,0
4456.92,4088.21,3990.26,4351.79,0
4468.72,4092.82,3997.44,4360,0
4478.97,4104.62,4006.15,4366.67,0
4475.38,4108.21,4012.31,4364.1,0
4470.26,4103.59,4011.28,4363.08,0
4472.31,4103.08,4004.62,4367.18,0
4476.92,4107.18,4004.1,4367.69,0
4477.95,4108.21,4007.18,4358.97,0
4475.38,4105.13,4004.62,4347.18,0
4474.36,4105.13,4005.13,4349.23,0
4476.92,4109.23,4012.31,4365.13,0
4476.92,4109.23,4015.9,4372.31,0
4474.87,4105.64,4011.79,4362.05,0
4475.9,4105.13,4006.67,4353.85,0
4476.41,4106.67,4005.64,4361.03,0
4465.13,4098.97,4005.64,4366.15,4
4458.46,4094.36,4005.64,4364.1,0
4469.74,4099.49,4004.1,4370.26,0
4475.38,4097.95,4000,4374.36,0
4470.77,4092.31,4001.54,4367.18,0
4472.82,4097.44,4003.59,4363.08,0
4470.77,4100.51,3997.95,4360,0
4458.46,4091.28,3993.85,4354.36,0
4462.56,4093.85,4002.56,4360,0
4478.46,4107.69,4013.33,4370.26,0
4472.31,4103.59,4010.77,4364.62,0
4454.87,4090.26,4002.05,4353.85,0
4456.92,4088.72,4000.51,4357.44,0
4469.23,4097.95,4006.15,4368.72,0
4465.13,4096.41,4004.1,4366.15,0
4454.87,4089.23,3998.97,4355.9,0
4458.46,4093.85,4003.08,4360.51,0
4462.56,4099.49,4008.21,4369.23,0
4460.51,4094.36,4006.15,4363.08,0
4458.46,4088.72,4000.51,4355.9,0
4460,4090.77,4000,4362.56,0
4458.97,4091.79,4001.54,4369.23,0
4453.33,4088.72,3997.95,4365.64,0
4453.33,4088.72,3996.92,4364.62,0
4460,4094.87,4003.59,4370.77,0
4460.51,4098.46,4005.13,4371.28,0
4457.44,4094.87,4001.54,4364.62,0
4458.97,4092.31,3997.44,4355.38,0
4457.95,4089.74,3993.85,4348.72,0
4457.95,4092.31,4000,4356.92,0
4462.56,4102.56,4009.23,4369.74,0
4460,4101.54,4005.64,4367.69,0
4455.9,4091.28,4000,4367.18,0
4457.95,4092.82,4006.15,4380,0
4460.51,4097.44,4006.15,4382.05,0
4455.9,4092.82,3995.38,4369.74,0
4446.15,4083.59,3988.72,4364.1,0
4440,4077.95,3986.15,4365.64,0
4453.85,4088.21,3993.33,4372.82,0
4470.77,4107.18,4003.59,4381.54,0
4465.13,4105.13,3998.97,4378.46,0
4453.85,4089.23,3985.13,4367.69,0
4458.97,4091.79,3987.18,4368.21,0
4465.64,4106.15,4001.03,4377.95,0
4462.05,4108.21,4005.13,4383.08,0
4459.49,4098.97,4007.69,4381.54,0
4458.46,4092.31,4004.62,4374.87,0
4455.38,4087.18,3992.31,4369.23,0
4454.36,4088.21,3991.79,4369.74,0
4456.41,4092.82,3999.49,4370.77,0
4454.87,4089.23,3991.28,4363.08,0
4454.87,4090.26,3983.59,4363.59,0
4468.21,4102.05,3992.31,4375.9,0
4476.41,4103.08,3991.79,4378.97,0
4465.64,4097.95,3986.67,4371.79,0
4454.87,4100,3997.95,4369.23,0
4463.59,4100,4007.18,4366.67,0
4473.33,4098.97,4005.13,4366.67,0
4465.64,4104.1,4009.74,4375.9,0
4456.92,4097.95,4013.85,4377.95,0
4464.62,4089.74,4007.18,4369.74,0
4477.44,4101.03,4007.18,4371.79,0
4475.38,4110.26,4012.82,4379.49,0
4471.79,4105.64,4007.18,4382.05,0
4476.41,4106.67,4002.56,4385.64,0
4473.85,4108.72,4005.13,4386.67,0
4462.05,4097.44,3995.38,4381.03,0
4458.97,4091.28,3989.74,4378.97,0
4462.56,4095.38,4002.05,4379.49,2
4458.46,4092.82,4007.69,4371.28,0
4455.38,4091.28,4003.59,4365.64,0
4461.03,4100,4007.18,4373.85,0
4464.62,4100.51,4006.15,4376.92,0
4457.44,4085.64,3989.23,4365.13,0
4449.74,4078.46,3977.95,4358.97,0
4460,4092.82,3991.79,4374.36,0
4474.36,4110.26,4013.85,4391.28,0
4467.18,4107.18,4012.31,4392.31,0
4455.38,4093.33,3997.44,4384.62,0
4457.44,4089.74,3997.44,4378.97,0
4462.56,4094.36,4005.13,4378.46,0
4464.62,4098.46,4004.1,4375.38,0
4465.13,4097.95,3999.49,4371.28,0
4461.03,4096.92,4002.56,4372.31,0
4458.97,4097.95,4004.62,4371.28,0
4461.54,4097.44,3995.9,4371.79,0
4463.08,4098.46,3994.36,4380.51,0
4460,4098.97,4004.1,4385.64,0
4458.46,4096.41,4006.15,4382.56,0
4462.56,4099.49,4003.59,4382.05,0
4467.18,4106.67,4008.21,4385.13,0
4463.08,4103.08,4004.62,4386.15,0
4459.49,4097.44,3994.36,4381.54,0
4464.1,4098.97,3995.9,4373.85,0
4464.1,4094.87,3997.95,4372.31,0
4458.97,4089.74,3998.97,4381.54,0
4460,4094.87,4003.59,4389.74,0
4463.08,4096.41,4000.51,4388.72,0
4458.46,4090.77,3993.85,4387.69,0
4455.38,4094.87,3997.95,4393.33,0
4466.15,4106.15,4011.28,4401.54,0
4472.31,4109.23,4016.41,4393.33,0
4462.05,4099.49,4006.15,4372.31,0
4456.41,4093.33,4000,4368.21,0
4462.56,4100,4005.13,4380,0
4462.56,4106.15,4007.69,4385.13,0
4460.51,4105.13,4008.72,4381.03,0
4465.13,4106.67,4013.85,4380,0
4462.05,4102.56,4008.72,4382.56,0
4455.9,4091.28,3998.97,4389.23,0
4458.46,4092.82,4004.1,4394.87,0
4462.05,4100,4007.18,4387.69,0
4456.92,4093.33,3996.41,4380,0
4453.85,4086.67,3988.72,4382.05,0
4458.97,4095.38,3996.92,4384.1,0
4461.03,4101.54,4006.67,4377.95,0
4458.97,4100.51,4005.64,4374.36,0
4461.03,4106.15,4005.13,4378.97,0
4462.05,4107.69,4008.72,4380.51,0
4461.54,4104.1,4011.28,4381.03,0
4462.56,4105.64,4014.36,4384.1,0
4461.54,4107.18,4013.33,4382.56,0
4456.41,4097.95,4006.67,4378.97,0
4454.87,4095.9,4003.08,4384.1,0
4460.51,4104.1,4006.15,4391.28,0
4463.08,4106.67,4005.64,4388.72,0
4459.49,4104.1,4002.05,4386.67,0
4458.97,4105.64,4007.69,4389.23,0
4462.56,4110.77,4016.92,4390.77,0
4461.03,4107.18,4014.36,4390.26,0
4455.38,4095.38,4001.03,4389.74,0
4455.9,4096.41,4004.1,4388.21,0
4462.56,4110.26,4017.44,4391.79,1
4463.08,4109.23,4012.82,4393.85,0
4454.87,4092.82,3994.87,4384.62,0
4453.33,4089.23,3990.26,4379.49,0
4460.51,4096.92,3996.41,4384.62,0
4458.97,4092.82,3995.9,4377.95,0
4455.9,4089.23,3997.95,4371.79,0
4462.56,4099.49,4008.21,4384.1,0
4459.49,4100.51,4009.74,4389.74,0
4441.54,4081.54,3993.85,4380,0
4437.44,4074.87,3980.51,4376.92,0
4445.64,4087.18,3985.13,4385.13,0
4447.69,4095.38,3996.92,4394.36,0
4449.74,4093.33,3998.46,4395.38,0
4459.49,4095.38,3991.79,4391.28,0
4462.56,4097.44,3989.23,4390.26,0
4453.33,4088.21,3988.21,4386.15,0
4447.18,4083.08,3985.64,4376.41,0
4453.85,4091.28,3987.69,4375.9,0
4460.51,4097.44,3996.41,4386.15,0
4458.46,4098.97,4004.62,4395.38,0
4455.9,4097.44,4006.15,4397.44,0
4460.51,4094.87,3998.97,4398.46,0
4454.87,4090.26,3991.79,4397.95,0
4442.05,4083.59,3989.74,4391.28,0
4448.72,4084.1,3991.28,4384.62,0
4462.56,4091.79,3991.28,4385.64,0
4460,4091.79,3988.72,4378.97,0
4461.03,4094.87,3992.31,4372.31,0
4475.9,4109.23,4005.13,4381.54,0
4477.95,4109.23,4006.67,4390.77,0
4462.56,4091.28,3992.31,4388.72,0
4454.87,4087.18,3987.18,4390.26,0
4460.51,4095.9,3997.95,4396.41,0
4463.08,4090.26,3996.92,4394.36,0
4456.92,4080,3986.67,4391.28,0
4456.41,4088.21,3988.21,4385.64,0
4454.87,4091.28,3987.69,4368.72,0
4449.74,4083.59,3980.51,4362.56,0
4458.97,4094.36,3990.77,4377.44,0
4465.13,4104.1,4000,4382.05,0
4456.92,4096.92,3997.44,4381.03,0
4468.21,4105.13,4009.23,4392.82,0
4476.92,4110.77,4016.41,4389.74,0
4451.28,4090.26,3995.9,4377.95,0
4433.85,4078.97,3982.56,4388.72,0
4453.85,4092.82,3996.41,4405.64,0
4477.44,4107.18,4014.36,4415.38,0
4471.79,4106.15,4014.36,4417.44,0
4454.87,4099.49,4004.62,4411.28,0
4463.08,4106.15,4008.21,4425.64,0
4478.46,4114.87,4016.92,4449.74,0
4467.69,4108.21,4015.9,4449.23,0
4455.9,4105.13,4015.9,4446.15,0
4460,4108.21,4022.56,4451.79,0
4464.1,4104.62,4025.64,4446.15,0
4470.26,4112.31,4025.64,4441.54,0
4475.9,4121.54,4023.59,4445.64,0
4473.33,4116.41,4018.97,4442.56,0
4475.38,4114.87,4020,4442.56,0
4478.97,4123.08,4022.05,4445.64,0
4477.95,4122.05,4022.05,4439.49,0
4470.77,4113.85,4021.03,4429.23,0
4461.54,4110.77,4020,4426.67,0
4460,4108.72,4021.54,4433.33,3
4475.38,4120,4029.23,4448.21,0
4490.77,4134.36,4037.44,4452.82,0
4489.23,4129.74,4032.82,4440,0
4489.74,4128.21,4030.26,4440,0
4492.82,4133.33,4031.28,4443.59,0
4487.18,4126.67,4026.15,4431.28,0
4482.56,4119.49,4024.1,4427.69,0
4481.54,4121.54,4025.13,4435.9,0
4475.38,4115.38,4020,4432.82,0
4471.79,4106.15,4014.36,4425.64,0
4478.97,4117.95,4024.62,4429.23,0
4480,4127.18,4032.31,4432.31,0
4474.36,4114.36,4022.56,4431.79,0
4470.26,4105.64,4014.36,4428.72,0
4473.85,4117.44,4016.41,4428.72,0
4479.49,4117.44,4012.31,4432.31,0
4472.82,4103.08,4005.13,4427.69,0
4461.54,4103.59,4010.77,4421.54,0
4461.54,4108.72,4013.85,4419.49,0
4471.28,4105.64,4012.31,4416.92,0
4475.9,4111.79,4018.97,4415.9,0
4472.31,4118.46,4021.03,4417.44,0
4471.28,4116.41,4020,4416.92,0
4471.28,4113.85,4023.08,4415.38,0
4464.1,4109.23,4016.92,4413.85,0
4457.95,4106.67,4009.23,4410.77,0
4464.1,4114.87,4015.9,4413.33,0
4480,4128.72,4031.28,4426.15,0
4490.77,4131.79,4039.49,4434.87,0
4483.59,4121.54,4030.77,4428.72,0
4472.82,4110.26,4018.97,4417.95,0
4470.77,4111.79,4021.54,4421.54,0
4476.92,4123.59,4032.82,4429.74,0
4475.38,4122.56,4031.28,4423.59,0
4468.72,4109.74,4021.03,4413.85,0
4467.18,4108.21,4018.97,4412.31,0
4471.79,4117.44,4023.08,4412.82,0
4480,4125.64,4029.74,4422.05,0
4482.05,4125.64,4029.23,4431.28,0
4473.85,4121.03,4023.08,4422.56,0
4458.46,4111.79,4016.92,4414.87,0
4460.51,4112.31,4020.51,4427.69,0
4474.87,4120,4025.64,4432.82,0
4471.28,4117.95,4024.62,4418.97,0
4474.87,4128.72,4035.38,4421.03,0
4489.23,4138.46,4043.59,4429.74,0
4479.49,4123.08,4029.23,4418.46,0
4458.46,4110.77,4016.92,4409.23,0
4463.08,4116.41,4020.51,4415.9,0
4474.87,4117.44,4026.67,4415.9,0
4475.9,4118.46,4031.28,4409.23,0
4476.41,4125.64,4033.85,4414.87,0
4472.31,4119.49,4027.69,4414.87,0
4475.9,4121.03,4027.69,4412.82,0
4481.03,4127.69,4028.21,4418.97,0
4463.08,4110.26,4011.79,4412.82,0
4448.72,4095.38,3999.49,4398.46,0
4455.38,4103.08,4007.69,4394.36,0
4463.08,4114.87,4019.49,4400,0
4469.23,4118.46,4026.15,4406.67,0
4473.33,4120,4028.72,4412.31,0
4470.77,4121.54,4028.21,4414.36,0
4469.74,4122.05,4026.67,4410.26,0
4477.95,4123.59,4029.74,4407.18,0
4476.41,4122.56,4028.21,4404.1,0
4461.54,4114.36,4018.97,4396.92,0
4457.95,4112.31,4015.9,4394.87,0
4472.31,4123.59,4021.54,4403.08,2
4477.95,4122.56,4020.51,4407.69,0
4465.64,4106.15,4016.41,4403.08,0
4461.03,4103.59,4023.59,4403.59,0
4462.05,4109.74,4026.15,4400,0
4468.21,4116.41,4023.08,4395.38,0
4485.13,4130.26,4033.85,4403.08,0
4483.59,4131.79,4040.51,4402.05,0
4473.85,4121.54,4029.23,4394.36,0
4482.05,4126.15,4027.18,4398.46,0
4481.54,4124.1,4024.1,4392.82,0
4458.46,4101.54,4004.1,4380,0
4456.41,4096.92,4003.59,4389.23,0
4473.33,4111.79,4020.51,4405.64,0
4474.87,4110.77,4021.54,4405.64,0
4471.28,4108.21,4019.49,4406.67,0
4474.87,4117.44,4024.62,4403.59,0
4475.9,4120.51,4022.56,4395.38,0
4476.41,4120.51,4023.08,4402.56,0
4481.54,4126.15,4030.26,4413.33,0
4478.46,4124.1,4025.13,4403.08,0
4474.36,4118.46,4016.41,4391.79,0
4486.67,4125.13,4024.62,4404.62,0
4483.08,4122.05,4024.1,4406.15,0
4457.44,4101.54,4006.67,4386.15,0
4456.41,4096.92,4002.56,4380.51,0
4474.36,4108.21,4015.38,4387.18,0
4474.87,4110.77,4023.59,4383.08,0
4468.21,4105.13,4019.49,4378.46,0
4471.79,4104.62,4011.79,4385.64,0
4474.36,4110.77,4013.85,4390.26,0
4478.46,4122.56,4028.72,4391.79,0
4479.49,4118.46,4022.56,4393.85,0
4473.33,4105.13,4003.59,4391.28,0
4475.9,4111.79,4010.77,4389.23,0
4476.41,4116.41,4018.97,4383.08,0
4458.46,4097.95,4006.15,4373.33,0
4446.67,4085.13,4001.54,4373.33,0
4457.44,4096.41,4016.41,4374.87,0
4463.59,4103.08,4016.92,4366.15,0
4453.33,4093.85,3996.41,4354.87,0
4451.28,4089.23,3986.15,4347.69,0
4458.46,4093.33,3987.69,4342.05,0
4461.03,4098.97,3990.77,4339.49,0
4459.49,4102.56,4000.51,4341.54,0
4453.85,4097.44,4006.15,4341.03,0
4444.1,4088.21,3995.9,4338.46,0
4442.56,4090.26,3996.92,4343.59,0
4445.64,4088.21,4002.56,4348.21,0
4436.41,4071.79,3986.15,4343.08,0
4434.36,4070.77,3973.85,4338.97,0
4451.79,4091.28,3986.15,4345.13,0
4460,4104.1,3997.95,4348.72,0
4464.1,4112.82,4004.62,4350.26,0
4472.82,4122.05,4014.36,4358.46,0
4464.62,4112.82,4014.87,4353.33,0
4443.59,4092.82,4005.64,4332.31,0
4438.46,4085.13,4000.51,4330.77,0
4451.28,4093.85,4008.21,4349.23,0
4461.03,4101.03,4015.9,4350.26,0
4452.82,4092.82,4006.67,4333.33,0
4447.18,4089.23,3996.92,4333.85,0
4458.97,4101.54,4002.56,4347.18,0
4463.08,4105.64,4007.18,4343.59,0
4454.87,4099.49,4002.05,4336.92,1
4456.92,4103.59,4002.56,4343.59,0
4457.95,4100,4005.13,4346.15,0
4452.82,4094.36,4005.64,4345.64,0
4456.41,4101.54,4007.69,4351.79,0
4460,4100.51,4004.1,4348.21,0
4458.97,4096.92,4001.54,4342.56,0
4457.95,4102.05,4004.62,4350.26,0
4455.9,4095.38,3999.49,4353.33,0
4455.9,4088.72,3996.41,4347.69,0
4460.51,4098.97,4005.13,4350.26,0
4461.03,4106.15,4007.69,4350.26,0
4458.97,4104.62,4005.64,4345.64,0
4459.49,4105.64,4010.77,4344.1,0
4463.08,4109.23,4014.87,4350.77,0
4465.64,4110.77,4014.36,4361.54,0
4462.05,4104.62,4010.77,4358.46,0
4456.41,4096.92,4006.67,4349.74,0
4455.38,4096.41,4003.59,4348.72,0
4459.49,4102.56,4005.64,4351.28,0
4461.03,4105.64,4006.67,4352.82,0
4460,4103.08,4005.64,4355.38,0
4460.51,4105.13,4009.74,4356.92,0
4461.54,4106.67,4012.31,4352.31,0
4460.51,4099.49,4004.1,4349.74,0
4460.51,4101.03,4001.54,4351.28,0
4461.54,4107.18,4005.13,4348.72,0
4457.44,4095.38,3994.87,4341.03,0
4456.41,4086.15,3988.72,4339.49,0
4456.41,4092.82,3996.92,4348.21,0
4451.79,4093.33,4000,4355.9,0
4452.82,4093.85,4001.54,4358.46,0
4461.54,4105.13,4011.28,4360,0
4464.1,4109.74,4014.36,4358.97,0
4461.54,4109.23,4009.74,4352.31,0
4461.54,4109.23,4007.18,4345.64,0
4461.03,4106.15,4005.13,4355.38,0
4461.03,4108.21,4006.67,4356.41,0
4464.62,4108.72,4007.18,4341.03,0
4458.46,4096.41,3996.92,4340.51,0
4449.23,4088.21,3986.67,4350.26,0
4451.28,4090.77,3989.23,4345.13,0
4452.31,4089.23,3991.28,4336.92,0
4444.62,4089.74,3989.74,4344.62,0
4441.54,4087.69,3986.67,4346.67,0
4441.03,4078.46,3977.95,4335.38,0
4442.56,4083.59,3975.9,4329.23,0
4447.69,4091.79,3982.56,4328.72,0
4445.13,4080,3978.97,4326.67,0
4437.95,4073.33,3974.87,4320,0
4443.59,4084.62,3983.08,4313.85,0
4448.72,4082.56,3983.08,4314.87,0
4441.54,4067.18,3972.31,4324.1,0
4436.92,4066.15,3971.79,4324.62,0
4447.69,4080.51,3980.51,4314.87,0
4462.05,4093.85,3984.1,4308.21,0
4458.46,4090.77,3977.44,4298.46,0
4445.13,4078.97,3970.77,4289.74,0
4440.51,4074.87,3975.9,4296.41,0
4443.08,4076.41,3983.08,4305.64,0
4444.1,4075.9,3986.15,4311.79,0
4440,4072.82,3985.13,4315.9,0
4438.97,4072.31,3977.95,4314.87,0
4450.77,4074.87,3974.87,4318.46,0
4457.95,4076.41,3976.41,4322.05,0
4450.77,4075.38,3974.87,4315.9,0
4441.54,4073.85,3969.23,4314.87,0
4444.62,4073.33,3969.74,4320,0
4456.92,4076.92,3974.36,4317.44,2
4460.51,4078.97,3977.44,4311.79,0
4446.15,4070.77,3972.31,4309.23,0
4434.87,4064.62,3967.18,4309.74,0
4448.72,4081.03,3981.54,4323.59,0
4459.49,4091.28,3992.82,4335.9,0
4446.67,4077.95,3982.05,4328.21,0
4438.97,4070.26,3972.31,4322.05,0
4442.05,4076.92,3976.41,4328.72,0
4444.1,4076.41,3975.9,4329.23,0
4452.31,4076.41,3971.28,4327.18,0
4461.03,4083.08,3976.41,4329.23,0
4450.77,4081.03,3981.54,4327.18,0
4448.72,4084.1,3988.21,4328.21,0
4465.64,4096.41,3996.41,4336.41,0
4461.03,4091.28,3991.28,4331.28,0
4444.62,4078.97,3982.05,4317.95,0
4451.79,4085.64,3985.13,4323.08,0
4464.1,4095.9,3992.82,4336.92,0
4459.49,4087.18,3987.18,4334.36,0
4451.28,4077.44,3980,4331.79,0
4459.49,4083.59,3987.18,4348.21,0
4462.05,4088.72,3992.31,4354.87,0
4448.21,4078.97,3982.56,4335.9,0
4448.21,4081.54,3984.1,4325.13,0
4462.56,4101.03,4001.54,4339.49,0
4463.59,4099.49,4001.54,4345.64,0
4454.36,4083.59,3984.1,4334.87,0
4455.9,4086.15,3977.44,4337.44,0
4457.95,4091.79,3981.03,4347.69,0
4454.36,4086.15,3985.64,4343.59,0
4448.21,4079.49,3986.67,4348.21,0
4442.05,4076.41,3985.64,4373.33,0
4448.72,4081.54,3988.21,4383.59,0
4457.95,4089.74,3989.23,4383.08,0
4457.44,4090.77,3990.77,4395.38,0
4455.9,4089.23,3995.38,4401.03,0
4456.92,4087.18,3991.79,4398.46,0
4457.44,4091.28,3988.72,4406.15,0
4461.03,4103.08,4002.05,4422.56,0
4470.26,4111.28,4019.49,4435.38,0
4478.46,4110.77,4024.1,4441.03,0
4472.31,4108.72,4020,4429.74,0
4459.49,4105.64,4013.85,4413.33,0
4466.67,4111.79,4016.41,4420,0
4478.97,4112.82,4014.87,4429.23,0
4463.08,4093.33,3995.9,4415.9,0
4452.31,4089.23,3990.26,4407.18,0
4470.77,4107.69,4006.15,4417.95,0
4477.95,4109.74,4009.23,4420,0
4459.49,4095.38,3995.38,4406.67,0
4454.87,4095.9,3994.87,4404.1,0
4470.77,4107.69,4010.26,4411.28,0
4480,4113.33,4018.97,4415.9,0
4477.44,4113.33,4009.74,4412.82,0
4475.9,4111.79,4003.08,4411.28,0
4476.92,4109.74,4003.59,4414.36,0
4475.38,4104.62,3998.46,4412.82,0
4469.74,4102.05,3997.44,4413.33,0
4462.05,4100,4000,4414.36,0
4454.36,4089.74,3990.26,4406.15,0
4455.38,4086.15,3988.72,4403.08,0
4461.54,4096.41,4007.18,4414.36,0
4458.46,4096.92,4008.21,4415.9,0
4448.21,4086.15,3988.72,4399.49,3
4455.38,4098.46,3993.85,4397.95,0
4478.97,4124.62,4019.49,4416.92,0
4480.51,4117.44,4017.44,4417.95,0
4457.95,4091.28,3989.23,4396.92,0
4450.26,4087.18,3985.13,4393.85,0
4458.97,4097.44,4003.08,4411.28,0
4461.54,4103.59,4006.15,4416.41,0
4461.03,4107.18,4002.56,4408.72,0
4459.49,4100,4002.05,4400,0
4452.82,4089.74,3998.97,4397.44,0
4464.1,4103.08,4008.21,4411.28,0
4474.87,4112.31,4014.36,4416.92,0
4452.31,4090.77,3993.85,4394.87,0
4438.97,4078.46,3980,4381.54,0
4454.87,4094.87,3994.87,4392.82,0
4467.18,4108.72,4007.69,4403.59,0
4470.26,4108.21,4006.67,4405.13,0
4470.77,4105.64,4005.13,4404.1,0
4458.46,4104.1,4004.1,4398.97,0
4454.36,4104.62,4010.26,4396.92,0
4471.79,4109.74,4018.97,4404.62,0
4473.33,4107.69,4011.28,4401.03,0
4451.28,4094.87,3993.85,4384.62,0
4442.56,4086.15,3986.67,4375.9,0
4454.36,4093.33,3993.85,4385.64,0
4462.56,4104.62,4004.1,4397.44,0
4457.95,4106.15,4007.18,4396.92,0
4459.49,4106.67,4006.15,4397.95,0
4464.62,4107.18,4008.21,4407.18,0
4464.1,4107.69,4015.9,4408.72,0
4461.54,4105.13,4016.92,4396.92,0
4457.95,4100.51,4007.18,4395.38,0
4458.46,4097.95,4003.08,4398.97,0
4461.54,4099.49,4009.23,4391.28,0
4462.05,4102.56,4011.79,4388.21,0
4462.56,4104.1,4010.77,4395.38,0
4468.21,4108.21,4013.85,4400,0
4463.59,4104.1,4009.23,4395.9,0
4457.44,4097.44,4005.64,4393.33,0
4474.36,4107.69,4020,4403.08,0
4480,4109.74,4022.05,4411.28,0
4454.87,4087.69,3999.49,4396.92,0
4453.33,4086.67,3999.49,4389.23,0
4475.9,4110.77,4018.46,4406.67,0
4468.72,4108.21,4011.79,4406.15,0
4451.79,4088.21,3997.95,4390.77,0
4451.79,4084.62,3997.44,4388.72,0
4466.67,4099.49,4007.18,4401.03,0
4479.49,4112.31,4020.51,4411.28,0
4463.08,4098.46,4011.79,4397.95,0
4447.18,4083.59,3993.85,4383.08,0
4457.95,4090.77,3998.46,4390.26,0
4464.62,4096.92,4005.13,4396.41,0
4455.9,4089.74,3996.92,4384.62,0
4457.44,4090.26,3996.92,4386.15,0
4461.03,4097.95,4001.03,4394.36,0
4469.23,4104.62,4004.62,4395.38,0
4475.9,4107.69,4011.79,4400,0
4463.59,4102.56,4007.18,4385.64,0
4465.13,4106.15,4007.69,4376.92,0
4476.92,4107.69,4012.31,4398.97,0
4471.28,4098.46,4004.62,4417.44,0
4468.21,4098.97,4005.13,4425.64,0
4475.9,4106.15,4013.85,4437.95,0
4476.41,4109.74,4015.9,4447.18,0
4482.56,4120,4023.08,4454.36,0
4487.18,4125.13,4032.82,4463.08,0
4472.82,4109.74,4022.56,4452.31,1
4470.26,4106.15,4014.87,4441.54,0
4481.03,4121.54,4023.08,4442.56,0
4475.9,4122.56,4022.56,4436.92,0
4474.87,4118.97,4021.03,4438.46,0
4487.69,4124.62,4029.23,4446.67,0
4485.13,4125.64,4029.23,4443.59,0
4474.36,4119.49,4020,4441.03,0
4475.38,4115.38,4015.9,4443.08,0
4474.36,4113.33,4017.44,4442.05,0
4470.77,4121.54,4029.74,4444.1,0
4476.41,4134.36,4045.64,4439.49,0
4487.18,4137.95,4046.67,4434.36,0
4493.85,4138.97,4044.1,4443.59,0
4488.72,4135.9,4042.56,4442.56,0
4476.41,4120.51,4026.67,4424.62,0
4474.87,4114.36,4015.9,4422.56,0
4476.92,4116.41,4023.08,4430.26,0
4472.82,4113.33,4027.18,4424.62,0
4475.38,4116.41,4029.74,4429.23,0
4482.56,4126.67,4038.46,4445.13,0
4474.36,4121.03,4033.85,4437.95,0
4466.15,4114.36,4025.13,4423.08,0
4479.49,4125.13,4035.9,4426.15,0
4488.72,4130.77,4042.56,4429.74,0
4477.44,4121.03,4029.23,4423.59,0
4472.31,4118.97,4026.67,4426.67,0
4477.44,4121.54,4033.33,4429.23,0
4474.36,4117.95,4028.72,4420.51,0
4474.87,4120.51,4027.18,4421.54,0
4482.05,4127.69,4038.46,4431.79,0
4472.82,4122.05,4037.44,4429.74,0
4462.56,4114.36,4026.67,4423.08,0
4472.31,4120.51,4030.77,4427.69,0
4479.49,4125.64,4034.36,4427.18,0
4473.33,4122.56,4023.59,4417.44,0
4471.79,4120,4018.97,4413.33,0
4475.38,4112.82,4021.03,4412.82,0
4472.31,4108.21,4016.92,4415.38,0
4477.44,4121.54,4024.62,4424.62,0
4481.03,4127.18,4036.41,4431.28,0
4464.62,4107.18,4021.03,4427.69,0
4452.31,4097.44,4008.21,4425.64,0
4456.41,4105.64,4018.46,4427.18,0
4461.03,4108.72,4022.56,4428.72,0
4463.59,4107.18,4016.41,4425.64,0
4465.64,4110.77,4015.38,4414.87,0
4461.03,4112.31,4015.38,4408.21,0
4464.62,4112.82,4013.33,4415.38,0
4481.03,4124.1,4024.1,4431.28,0
4476.92,4124.62,4027.18,4429.74,0
4455.9,4106.15,4011.79,4409.74,0
4455.38,4103.08,4012.82,4405.13,0
4470.26,4119.49,4028.72,4413.33,0
4468.21,4119.49,4028.72,4408.72,0
4455.38,4103.59,4015.38,4407.69,0
4449.74,4097.44,4008.21,4422.56,0
4449.23,4093.33,4003.08,4430.77,0
4451.79,4092.82,4001.03,4426.67,0
4456.92,4100.51,4006.15,4417.95,0
4469.23,4110.77,4014.36,4415.38,0
4476.41,4117.44,4025.13,4418.97,0
4462.56,4111.28,4018.97,4404.1,0
4454.36,4105.13,4011.79,4390.26,0
4468.21,4112.82,4026.15,4404.1,2
4469.23,4113.85,4029.74,4410.77,0
4453.85,4101.03,4012.31,4398.97,0
4460.51,4109.23,4016.92,4401.54,0
4472.82,4123.59,4033.33,4414.87,0
4465.13,4113.33,4025.13,4414.36,0
4458.97,4105.64,4013.85,4405.13,0
4470.26,4118.46,4022.56,4406.15,0
4477.95,4125.64,4028.21,4412.31,0
4473.85,4116.92,4022.56,4415.38,0
4470.26,4114.87,4022.05,4409.23,0
4473.33,4119.49,4028.21,4402.56,0
4483.08,4123.08,4032.31,4405.64,0
4485.13,4118.97,4029.23,4412.82,0
4471.79,4107.18,4016.92,4408.72,0
4465.64,4103.08,4010.26,4397.95,0
4475.38,4108.21,4016.41,4405.64,0
4474.87,4108.72,4018.97,4413.85,0
4460,4100,4012.82,4401.54,0
4461.03,4103.08,4018.46,4396.92,0
4475.38,4117.95,4028.72,4409.23,0
4478.97,4122.05,4027.18,4417.44,0
4476.41,4115.38,4022.05,4414.87,0
4475.38,4107.18,4018.46,4399.49,0
4473.33,4106.15,4016.41,4389.23,0
4471.79,4114.87,4020,4401.03,0
4474.87,4117.44,4021.54,4400.51,0
4476.41,4109.74,4019.49,4383.08,0
4467.18,4105.13,4014.36,4385.13,0
4458.97,4105.64,4012.82,4402.05,0
4467.69,4107.69,4016.92,4408.21,0
4477.44,4114.36,4021.03,4408.72,0
4476.41,4117.44,4022.56,4411.28,0
4472.31,4112.31,4019.49,4414.36,0
4462.56,4105.64,4010.77,4410.77,0
4455.9,4103.59,4005.64,4399.49,0
4468.21,4107.69,4014.36,4395.9,0
4476.41,4114.36,4021.54,4395.38,0
4471.28,4118.46,4017.95,4391.79,0
4474.36,4122.05,4022.05,4395.9,0
4479.49,4124.1,4031.79,4400.51,0
4473.85,4117.95,4028.72,4395.38,0
4469.74,4117.44,4025.13,4395.9,0
4481.03,4132.82,4040,4410.26,0
4482.56,4135.38,4045.64,4409.74,0
4462.05,4110.26,4023.59,4388.72,0
4457.95,4104.1,4013.85,4385.13,0
4476.41,4125.13,4024.62,4399.49,0
4483.08,4128.21,4025.64,4402.05,0
4475.9,4112.82,4019.49,4389.74,0
4470.77,4103.59,4014.87,4377.95,0
4474.36,4110.26,4016.92,4392.31,0
4477.44,4120,4024.1,4412.31,0
4466.15,4109.23,4019.49,4400.51,0
4452.82,4092.31,4007.69,4385.64,0
4456.92,4095.9,4010.26,4395.38,0
4463.08,4108.21,4018.97,4402.56,0
4458.97,4107.18,4017.95,4395.38,0
4465.64,4106.67,4019.49,4396.92,0
4472.82,4110.26,4020,4400,0
4469.23,4110.26,4020,4395.38,0
4470.26,4109.23,4024.62,4400,0
4472.82,4110.26,4024.62,4409.74,0
4462.56,4108.72,4020.51,4407.69,0
4450.26,4101.03,4015.38,4402.05,0
4458.46,4105.13,4020,4411.79,0
4472.82,4117.44,4028.72,4422.05,0
4472.31,4115.38,4025.13,4413.85,0
4470.77,4111.28,4021.03,4406.67,1
4471.28,4118.46,4025.64,4408.72,0
4466.67,4118.97,4024.62,4406.15,0
4458.97,4107.18,4015.38,4399.49,0
4457.95,4104.1,4012.82,4395.38,0
4459.49,4105.13,4012.31,4393.85,0
4457.95,4103.59,4012.82,4393.85,0
4459.49,4109.23,4017.44,4395.38,0
4469.23,4116.41,4023.08,4404.1,0
4474.36,4112.31,4022.05,4412.31,0
4464.1,4105.64,4012.82,4406.67,0
4454.36,4103.59,4007.69,4394.87,0
4458.46,4104.62,4013.33,4397.44,0
4462.56,4106.67,4013.85,4399.49,0
4453.33,4101.54,4003.59,4384.62,0
4443.08,4093.85,3998.97,4380,0
4447.69,4095.38,4002.56,4392.31,0
4461.03,4103.08,4006.67,4402.56,0
4462.56,4106.67,4010.77,4402.56,0
4456.92,4104.62,4007.69,4396.41,0
4458.97,4103.59,4004.62,4393.33,0
4462.05,4106.67,4008.72,4401.54,0
4462.05,4107.18,4011.28,4401.54,0
4456.41,4094.87,4001.54,4382.05,0
4453.33,4089.74,3996.92,4380,0
4457.95,4101.54,4007.18,4397.95,0
4458.97,4107.69,4014.36,4401.54,0
4456.92,4104.1,4013.33,4395.9,0
4457.95,4103.59,4015.38,4399.49,0
4459.49,4105.13,4016.41,4400.51,0
4458.46,4103.59,4008.72,4398.46,0
4458.97,4103.08,4005.64,4397.44,0
4460.51,4104.62,4005.64,4391.28,0
4461.03,4105.13,4002.05,4387.18,0
4462.56,4109.23,4011.28,4389.74,0
4461.54,4108.72,4017.95,4387.69,0
4458.97,4101.03,4005.64,4380.51,0
4459.49,4096.92,3999.49,4382.56,0
4460.51,4097.44,4008.21,4395.38,0
4460,4098.97,4009.23,4408.72,0
4458.46,4097.95,4003.59,4410.77,0
4455.38,4096.92,4006.15,4395.9,0
4457.44,4101.54,4012.82,4385.64,0
4461.03,4107.18,4013.85,4391.28,0
4457.44,4107.18,4011.28,4397.44,0
4463.08,4111.79,4020,4396.41,0
4474.87,4115.38,4023.08,4395.38,0
4468.21,4104.62,4007.18,4392.82,0
4455.38,4093.33,3999.49,4388.21,0
4456.92,4091.79,4005.64,4386.67,0
4460,4091.79,4006.67,4392.82,0
4454.87,4095.38,4002.56,4397.44,0
4462.56,4102.05,4007.18,4392.82,0
4473.33,4106.67,4013.85,4385.64,0
4464.1,4105.13,4011.28,4379.49,0
4461.03,4105.13,4014.36,4380,0
4473.33,4111.28,4022.56,4388.21,0
4468.72,4106.15,4014.36,4384.62,0
4455.9,4094.36,4001.54,4374.87,0
4460,4091.28,4000,4380.51,0
4458.46,4087.69,3994.36,4384.62,0
4451.28,4083.59,3985.64,4379.49,0
4456.92,4086.15,3989.74,4382.05,0
4458.46,4086.15,3990.77,4378.97,0
4456.92,4086.67,3990.77,4368.72,3
4461.54,4094.36,3998.46,4370.26,0
4454.87,4089.74,3994.87,4373.33,0
4448.21,4080.51,3985.64,4371.79,0
4455.38,4087.69,3990.77,4377.95,0
4461.03,4094.87,4001.03,4383.08,0
4456.92,4089.23,3998.46,4381.54,0
4457.95,4090.77,3996.92,4387.69,0
4464.1,4101.03,4006.15,4398.46,0
4460,4093.85,4001.03,4387.18,0
4452.31,4080,3985.64,4369.74,0
4458.46,4089.23,3992.82,4382.05,0
4468.21,4107.69,4013.85,4402.05,0
4462.56,4102.05,4012.82,4391.28,0
4452.82,4087.69,4001.03,4376.92,0
4460.51,4096.92,4008.72,4391.79,0
4467.69,4108.72,4019.49,4400,0
4457.44,4097.95,4009.74,4378.97,0
4450.77,4087.69,3995.9,4365.64,0
4458.46,4097.95,3998.97,4375.9,0
4462.56,4105.13,4009.23,4381.54,0
4461.54,4104.1,4011.79,4377.44,0
4459.49,4102.05,4008.21,4378.46,0
4452.82,4095.9,4004.62,4381.54,0
4452.82,4090.77,4003.08,4379.49,0
4462.56,4096.92,4005.64,4380.51,0
4464.62,4101.54,4006.67,4385.13,0
4458.97,4095.9,4003.59,4387.18,0
4457.44,4095.9,4006.15,4391.28,0
4458.97,4105.64,4014.87,4394.87,0
4462.56,4105.13,4014.36,4387.18,0
4458.97,4094.36,4000.51,4374.87,0
4449.74,4088.21,3993.33,4371.28,0
4453.85,4091.79,3996.92,4378.46,0
4456.41,4092.82,3993.85,4382.05,0
4446.67,4086.67,3986.15,4378.46,0
4441.54,4083.08,3984.62,4374.87,0
4444.1,4086.67,3990.77,4378.97,0
4452.31,4094.87,4003.59,4389.23,0
4457.44,4096.92,4008.72,4387.18,0
4446.67,4088.21,3996.41,4375.9,0
4436.92,4083.59,3992.31,4374.87,0
4443.59,4091.28,4004.1,4383.08,0
4445.64,4094.36,4004.62,4384.1,0
4447.18,4090.26,3997.95,4379.49,0
4458.97,4095.38,4003.59,4381.54,0
4457.44,4097.44,4005.64,4383.08,0
4440.51,4089.23,3993.33,4376.41,0
4445.13,4094.36,3995.9,4375.9,0
4459.49,4104.62,4010.26,4384.62,0
4454.36,4098.97,4009.74,4385.64,0
4451.79,4097.95,4002.56,4383.08,0
4458.97,4104.1,4007.69,4381.54,0
4447.69,4089.74,4006.15,4365.64,0
4435.38,4080,3997.95,4354.36,0
4454.36,4101.54,4008.72,4372.82,0
4470.26,4111.79,4017.95,4386.67,0
4452.31,4091.28,4005.64,4374.87,0
4437.95,4081.54,3994.36,4372.31,0
4447.18,4089.23,3998.46,4382.56,0
4458.97,4097.44,4007.69,4389.74,0
4463.59,4106.67,4018.46,4392.31,0
4457.44,4104.62,4017.95,4383.59,0
4443.08,4088.21,3997.95,4366.15,0
4443.59,4083.08,3986.67,4363.08,0
4458.46,4093.85,3997.44,4376.41,0
4461.54,4097.44,4006.67,4382.56,0
4453.85,4090.26,4001.03,4377.95,0
4454.87,4094.36,4003.08,4385.64,4
4464.62,4108.21,4016.41,4399.49,0
4460.51,4105.13,4014.36,4390.26,0
4444.1,4088.21,4002.05,4372.82,0
4445.64,4090.77,4006.15,4378.97,0
4462.05,4103.08,4014.36,4389.74,0
4457.95,4092.82,4003.08,4382.05,0
4449.74,4088.21,3996.92,4376.92,0
4461.54,4104.62,4012.31,4384.62,0
4465.13,4107.69,4013.85,4382.56,0
4451.28,4092.31,3997.44,4369.23,0
4442.56,4086.15,3992.82,4365.13,0
4448.21,4095.9,4004.62,4372.82,0
4458.46,4108.72,4021.54,4388.21,0
4461.03,4107.18,4022.05,4396.92,0
4456.92,4097.95,4008.72,4388.21,0
4457.44,4098.97,4006.15,4379.49,0
4456.41,4100,4009.23,4380,0
4445.64,4087.69,3993.33,4375.38,0
4446.67,4087.18,3984.1,4373.33,0
4461.54,4098.97,4000.51,4382.05,0
4459.49,4095.9,4006.15,4380.51,0
4454.87,4096.41,4004.62,4380,0
4462.56,4105.64,4012.31,4389.23,0
4455.9,4097.95,4010.77,4386.15,0
4441.03,4084.1,4000,4378.97,0
4445.64,4086.67,3996.41,4376.41,0
4468.21,4102.05,4001.54,4381.54,0
4478.46,4110.26,4008.72,4394.36,0
4465.64,4099.49,4004.1,4390.26,0
4453.33,4084.1,3990.77,4372.82,0
4458.97,4090.26,3993.85,4373.33,0
4465.13,4098.46,4005.64,4381.03,0
4458.97,4091.28,4001.54,4377.44,0
4456.92,4090.77,3996.41,4378.97,0
4460,4096.92,4004.62,4386.15,0
4459.49,4093.85,4005.64,4384.1,0
4457.95,4085.64,3993.85,4382.05,0
4455.38,4080.51,3985.13,4382.05,0
4456.92,4082.56,3985.64,4383.59,0
4458.97,4089.23,3991.28,4382.05,0
4461.54,4093.85,3996.92,4382.56,0
4466.15,4097.44,4003.59,4392.31,0
4463.59,4093.85,4003.59,4389.74,0
4454.87,4090.77,4003.59,4375.38,0
4463.08,4103.59,4018.46,4376.41,0
4475.9,4113.85,4025.13,4386.67,0
4464.62,4097.44,4007.69,4381.54,0
4453.33,4089.23,4000.51,4375.38,0
4463.59,4103.08,4011.28,4384.62,0
4467.69,4101.54,4007.18,4387.18,0
4457.44,4087.18,3994.36,4378.97,0
4453.33,4090.26,3998.46,4374.87,0
4462.56,4104.1,4010.77,4381.54,0
4475.38,4108.21,4017.95,4392.31,0
4476.92,4109.74,4023.08,4395.9,0
4464.62,4107.18,4024.1,4388.72,0
4448.72,4090.26,4011.28,4373.33,0
4448.21,4081.54,4000.51,4367.69,0
4462.05,4097.95,4010.77,4376.41,0
4468.72,4108.72,4014.36,4382.56,0
4466.15,4101.03,4003.08,4376.92,0
4475.9,4107.18,4006.67,4363.08,0
4481.03,4117.44,4016.92,4356.92,0
4463.59,4103.59,4008.72,4365.13,2
4456.92,4091.28,3999.49,4387.18,0
4465.64,4095.9,3998.97,4401.54,0
4453.33,4087.69,3991.28,4398.97,0
4440,4076.41,3987.18,4400.51,0
4450.77,4080.51,3993.85,4407.18,0
4453.33,4077.44,3985.64,4397.44,0
4437.95,4067.18,3970.77,4379.49,0
4442.05,4075.38,3979.49,4378.97,0
4453.33,4085.13,3988.21,4380,0
4446.67,4075.9,3972.31,4363.08,0
4441.54,4070.26,3966.67,4355.9,0
4445.64,4076.92,3986.15,4367.69,0
4443.59,4074.87,3992.82,4365.13,0
4441.54,4073.85,3986.15,4350.26,0
4446.15,4086.67,3989.23,4350.26,0
4444.1,4091.28,3991.28,4350.77,0
4445.64,4087.18,3989.74,4338.97,0
4468.21,4105.13,4003.59,4339.49,0
4485.64,4125.13,4018.97,4352.31,0
4470.26,4115.9,4011.79,4347.18,0
4453.33,4098.46,4002.05,4329.74,0
4457.44,4094.36,4001.54,4328.72,0
4461.03,4091.28,3994.87,4341.54,0
4454.87,4086.67,3988.72,4344.1,0
4455.38,4087.69,3992.31,4343.08,0
4455.9,4091.28,3998.97,4353.85,0
4447.69,4086.15,3993.33,4355.38,0
